{"cameraMode":{"drawMode":0,"name":"Shaded","section":"Shading Mode"},"sceneLighting":false,"audioPlay":false,"sceneViewState":{"showFog":true,"showMaterialUpdate":false,"showSkybox":false,"showFlares":true,"showImageEffects":true,"showParticleSystems":true},"in2DMode":false,"pivot":{"x":13.4443941116333,"y":-2.494913101196289,"z":8.72265911102295},"rotation":{"x":-0.4321010410785675,"y":-0.5479280948638916,"z":0.39729076623916628,"w":-0.596049964427948},"size":5.623337745666504,"orthographic":false}