{"cameraMode":{"drawMode":0,"name":"Shaded","section":"Shading Mode"},"sceneLighting":false,"audioPlay":false,"sceneViewState":{"showFog":true,"showMaterialUpdate":false,"showSkybox":false,"showFlares":true,"showImageEffects":true,"showParticleSystems":true},"in2DMode":false,"pivot":{"x":-0.3438708186149597,"y":-0.5041635036468506,"z":9.072061538696289},"rotation":{"x":-0.21907779574394227,"y":0.17896154522895814,"z":-0.040803976356983188,"w":-0.9583894610404968},"size":5.288733005523682,"orthographic":false}