{"cameraMode":{"drawMode":0,"name":"Shaded","section":"Shading Mode"},"sceneLighting":false,"audioPlay":false,"sceneViewState":{"showFog":true,"showMaterialUpdate":false,"showSkybox":true,"showFlares":true,"showImageEffects":true,"showParticleSystems":true},"in2DMode":false,"pivot":{"x":19.195934295654298,"y":-10.864023208618164,"z":7.138303279876709},"rotation":{"x":0.3275033235549927,"y":-0.07346397638320923,"z":0.02396797016263008,"w":0.9419242143630981},"size":29.757720947265626,"orthographic":false}