{"cameraMode":{"drawMode":0,"name":"Shaded","section":"Shading Mode"},"sceneLighting":false,"audioPlay":false,"sceneViewState":{"showFog":true,"showMaterialUpdate":false,"showSkybox":true,"showFlares":true,"showImageEffects":true,"showParticleSystems":true},"in2DMode":false,"pivot":{"x":7.704498291015625,"y":-5.170009613037109,"z":21.496997833251954},"rotation":{"x":0.18803851306438447,"y":0.5628653168678284,"z":-0.13319391012191773,"w":0.7938477993011475},"size":14.691211700439454,"orthographic":false}