{"cameraMode":{"drawMode":0,"name":"Shaded","section":"Shading Mode"},"sceneLighting":false,"audioPlay":false,"sceneViewState":{"showFog":true,"showMaterialUpdate":false,"showSkybox":false,"showFlares":true,"showImageEffects":true,"showParticleSystems":true},"in2DMode":false,"pivot":{"x":0.5000001788139343,"y":0.09000003337860108,"z":0.0},"rotation":{"x":-0.15603885054588319,"y":-0.7236522436141968,"z":0.17389005422592164,"w":-0.6494495272636414},"size":2.1122288703918459,"orthographic":false}