{"cameraMode":{"drawMode":0,"name":"Shaded","section":"Shading Mode"},"sceneLighting":false,"audioPlay":false,"sceneViewState":{"showFog":true,"showMaterialUpdate":false,"showSkybox":false,"showFlares":true,"showImageEffects":true,"showParticleSystems":true},"in2DMode":false,"pivot":{"x":1553.4383544921875,"y":603.320068359375,"z":260.57421875},"rotation":{"x":0.040276579558849338,"y":0.09357817471027374,"z":-0.004306333605200052,"w":0.9949101805686951},"size":2367.81689453125,"orthographic":false}